token_or_block,item,method,p_scenario_or_chain50,v1,v2,v3,v4,v5,v6,v7,v8,v9
"# SOL_scenario rows: v1..v5 = P(A..E); generic_conditional rows: v1..v7 = up50,x2,x3,x5,x10,dn50,dead;"
"# token outcome rows (method table/mc): v1 = unconditional, v2 = | chain>=+50%, v3 = | chain>=+100%;"
"# token scenario_X rows: p_scenario, v1..v7 = up50,x2,x3,x5,x10,dn50,dead, v8 = new ATH, v9 = EV;"
"# token sensitivity rows: p_chain50, v1..v7 outcomes, v8 = new ATH, v9 = EV"
SOL_scenario,Ottimistico,,,0.2987,0.2534,0.1598,0.1456,0.1425
SOL_scenario,Base,,,0.3215,0.2743,0.1622,0.1387,0.1034
SOL_scenario,Pessimistico,,,0.3910,0.2761,0.1492,0.1206,0.0632
generic_conditional,A,,,0.0300,0.0150,0.0080,0.0030,0.0010,0.8500,0.5500
generic_conditional,B,,,0.0800,0.0400,0.0220,0.0100,0.0030,0.6500,0.3500
generic_conditional,C,,,0.1800,0.1000,0.0550,0.0250,0.0080,0.4500,0.2000
generic_conditional,D,,,0.4000,0.2500,0.1500,0.0800,0.0300,0.2800,0.1200
generic_conditional,E,,,0.6500,0.5000,0.3500,0.2000,0.0800,0.1500,0.0600
CHILLGUY,up50,table,,0.1189,0.3235,0.3780
CHILLGUY,up50,mc,,0.1119,0.3212,0.3987
CHILLGUY,x2,table,,0.0733,0.2144,0.2615
CHILLGUY,x2,mc,,0.0784,0.2236,0.2809
CHILLGUY,x3,table,,0.0444,0.1345,0.1682
CHILLGUY,x3,mc,,0.0473,0.1313,0.1649
CHILLGUY,x5,table,,0.0227,0.0712,0.0896
CHILLGUY,x5,mc,,0.0262,0.0668,0.0829
CHILLGUY,x10,table,,0.0083,0.0268,0.0340
CHILLGUY,x10,mc,,0.0132,0.0300,0.0361
CHILLGUY,dn50,table,,0.6432,0.3546,0.3182
CHILLGUY,dn50,mc,,0.6432,0.2385,0.1679
CHILLGUY,dead,table,,0.3946,0.1790,0.1603
CHILLGUY,dead,mc,,0.3325,0.0687,0.0511
CHILLGUY,ath,table,,0.0007,0.0025,0.0033
CHILLGUY,ath,mc,,0.0039,0.0065,0.0081
CHILLGUY,ev,table,,0.930,2.111,2.480
CHILLGUY,ev,mc,,0.934,1.979,2.324
CHILLGUY,scenario_A,table,0.3215,0.0342,0.0199,0.0118,0.0057,0.0021,0.8430,0.5849,0.0002,0.420
CHILLGUY,scenario_A,mc,0.3215,0.0304,0.0224,0.0153,0.0102,0.0061,0.8796,0.5980,0.0024,0.441
CHILLGUY,scenario_B,table,0.2743,0.0579,0.0313,0.0181,0.0088,0.0030,0.7063,0.4212,0.0002,0.600
CHILLGUY,scenario_B,mc,0.2743,0.0582,0.0420,0.0262,0.0156,0.0089,0.7368,0.3303,0.0031,0.686
CHILLGUY,scenario_C,table,0.1622,0.1079,0.0597,0.0332,0.0155,0.0052,0.5556,0.2864,0.0004,0.866
CHILLGUY,scenario_C,mc,0.1622,0.1002,0.0690,0.0420,0.0250,0.0143,0.5631,0.1866,0.0050,0.997
CHILLGUY,scenario_D,table,0.1387,0.2333,0.1365,0.0788,0.0408,0.0150,0.4148,0.2098,0.0013,1.501
CHILLGUY,scenario_D,mc,0.1387,0.1867,0.1247,0.0722,0.0388,0.0183,0.3667,0.1033,0.0044,1.384
CHILLGUY,scenario_E,table,0.1034,0.4079,0.2874,0.1867,0.0997,0.0379,0.2982,0.1501,0.0037,2.683
CHILLGUY,scenario_E,mc,0.1034,0.4266,0.3018,0.1777,0.0887,0.0383,0.1533,0.0485,0.0080,2.425
CHILLHOUSE,up50,table,,0.1046,0.2185,0.2474
CHILLHOUSE,up50,mc,,0.0976,0.1743,0.1951
CHILLHOUSE,x2,table,,0.0647,0.1435,0.1689
CHILLHOUSE,x2,mc,,0.0742,0.1311,0.1466
CHILLHOUSE,x3,table,,0.0395,0.0901,0.1086
CHILLHOUSE,x3,mc,,0.0516,0.0876,0.0960
CHILLHOUSE,x5,table,,0.0204,0.0478,0.0581
CHILLHOUSE,x5,mc,,0.0337,0.0555,0.0604
CHILLHOUSE,x10,table,,0.0075,0.0180,0.0221
CHILLHOUSE,x10,mc,,0.0205,0.0324,0.0350
CHILLHOUSE,dn50,table,,0.7254,0.5664,0.5456
CHILLHOUSE,dn50,mc,,0.7223,0.5302,0.4832
CHILLHOUSE,dead,table,,0.4872,0.3449,0.3321
CHILLHOUSE,dead,mc,,0.4570,0.2528,0.2167
CHILLHOUSE,ath,table,,0.0029,0.0071,0.0087
CHILLHOUSE,ath,mc,,0.0134,0.0197,0.0215
CHILLHOUSE,ev,table,,0.809,1.477,1.683
CHILLHOUSE,ev,mc,,1.016,1.573,1.709
CHILLHOUSE,scenario_A,table,0.3215,0.0564,0.0345,0.0211,0.0107,0.0040,0.8334,0.6102,0.0015,0.518
CHILLHOUSE,scenario_A,mc,0.3215,0.0585,0.0445,0.0325,0.0225,0.0144,0.8325,0.6064,0.0100,0.707
CHILLHOUSE,scenario_B,table,0.2743,0.0705,0.0412,0.0247,0.0125,0.0045,0.7612,0.5064,0.0017,0.625
CHILLHOUSE,scenario_B,mc,0.2743,0.0807,0.0621,0.0444,0.0284,0.0172,0.7608,0.4846,0.0118,0.895
CHILLHOUSE,scenario_C,table,0.1622,0.0999,0.0577,0.0335,0.0164,0.0058,0.6794,0.4178,0.0021,0.781
CHILLHOUSE,scenario_C,mc,0.1622,0.1039,0.0800,0.0562,0.0373,0.0228,0.6947,0.3922,0.0151,1.119
CHILLHOUSE,scenario_D,table,0.1387,0.1708,0.1014,0.0595,0.0308,0.0113,0.6008,0.3661,0.0043,1.137
CHILLHOUSE,scenario_D,mc,0.1387,0.1363,0.1023,0.0692,0.0454,0.0267,0.6115,0.3167,0.0159,1.306
CHILLHOUSE,scenario_E,table,0.1034,0.2632,0.1829,0.1187,0.0637,0.0243,0.5342,0.3250,0.0096,1.796
CHILLHOUSE,scenario_E,mc,0.1034,0.2024,0.1520,0.0993,0.0618,0.0359,0.4686,0.2087,0.0218,1.746
TROLL,up50,table,,0.2587,0.5880,0.6491
TROLL,up50,mc,,0.2369,0.4563,0.5125
TROLL,x2,table,,0.1745,0.4475,0.5184
TROLL,x2,mc,,0.1931,0.3840,0.4379
TROLL,x3,table,,0.1145,0.3174,0.3819
TROLL,x3,mc,,0.1430,0.2874,0.3298
TROLL,x5,table,,0.0634,0.1893,0.2329
TROLL,x5,mc,,0.0971,0.1955,0.2244
TROLL,x10,table,,0.0248,0.0784,0.0985
TROLL,x10,mc,,0.0588,0.1151,0.1321
TROLL,dn50,table,,0.5447,0.2541,0.2240
TROLL,dn50,mc,,0.5395,0.2790,0.2314
TROLL,dead,table,,0.2960,0.1186,0.1054
TROLL,dead,mc,,0.3299,0.1371,0.1143
TROLL,ath,table,,0.0539,0.1624,0.2005
TROLL,ath,mc,,0.0888,0.1785,0.2047
TROLL,ev,table,,1.792,4.357,5.159
TROLL,ev,mc,,2.303,4.188,4.695
TROLL,scenario_A,table,0.3215,0.0996,0.0596,0.0359,0.0175,0.0064,0.7677,0.4646,0.0147,0.743
TROLL,scenario_A,mc,0.3215,0.1196,0.0965,0.0718,0.0496,0.0316,0.7195,0.4956,0.0453,1.323
TROLL,scenario_B,table,0.2743,0.1609,0.0917,0.0544,0.0269,0.0092,0.5969,0.3094,0.0223,1.052
TROLL,scenario_B,mc,0.2743,0.1889,0.1502,0.1104,0.0746,0.0463,0.5812,0.3412,0.0684,1.896
TROLL,scenario_C,table,0.1622,0.2741,0.1653,0.0968,0.0469,0.0159,0.4350,0.1982,0.0389,1.577
TROLL,scenario_C,mc,0.1622,0.2599,0.2075,0.1512,0.1022,0.0625,0.4672,0.2505,0.0937,2.495
TROLL,scenario_D,table,0.1387,0.4870,0.3304,0.2108,0.1171,0.0453,0.3039,0.1406,0.0993,3.030
TROLL,scenario_D,mc,0.1387,0.3583,0.2904,0.2129,0.1433,0.0836,0.3613,0.1796,0.1312,3.248
TROLL,scenario_E,table,0.1034,0.6826,0.5573,0.4173,0.2568,0.1095,0.2074,0.0981,0.2214,5.600
TROLL,scenario_E,mc,0.1034,0.5303,0.4552,0.3447,0.2346,0.1381,0.2205,0.1099,0.2142,4.869
TRIPLE T,up50,table,,0.2097,0.3974,0.4382
TRIPLE T,up50,mc,,0.1933,0.3190,0.3514
TRIPLE T,x2,table,,0.1371,0.2828,0.3252
TRIPLE T,x2,mc,,0.1519,0.2524,0.2777
TRIPLE T,x3,table,,0.0872,0.1893,0.2244
TRIPLE T,x3,mc,,0.1090,0.1807,0.1992
TRIPLE T,x5,table,,0.0467,0.1064,0.1280
TRIPLE T,x5,mc,,0.0714,0.1170,0.1288
TRIPLE T,x10,table,,0.0177,0.0419,0.0511
TRIPLE T,x10,mc,,0.0425,0.0666,0.0716
TRIPLE T,dn50,table,,0.5665,0.3831,0.3631
TRIPLE T,dn50,mc,,0.5610,0.3690,0.3294
TRIPLE T,dead,table,,0.3168,0.1998,0.1908
TRIPLE T,dead,mc,,0.3185,0.1744,0.1525
TRIPLE T,ath,table,,0.0813,0.1775,0.2107
TRIPLE T,ath,mc,,0.1038,0.1723,0.1898
TRIPLE T,ev,table,,1.458,2.725,3.127
TRIPLE T,ev,mc,,1.833,2.779,2.991
TRIPLE T,scenario_A,table,0.3215,0.1250,0.0787,0.0489,0.0253,0.0095,0.7033,0.4258,0.0454,0.935
TRIPLE T,scenario_A,mc,0.3215,0.1225,0.0966,0.0698,0.0469,0.0290,0.6896,0.4340,0.0670,1.294
TRIPLE T,scenario_B,table,0.2743,0.1535,0.0932,0.0571,0.0295,0.0107,0.6016,0.3271,0.0531,1.105
TRIPLE T,scenario_B,mc,0.2743,0.1684,0.1316,0.0939,0.0620,0.0377,0.5914,0.3307,0.0894,1.642
TRIPLE T,scenario_C,table,0.1622,0.2098,0.1278,0.0764,0.0383,0.0136,0.5010,0.2537,0.0708,1.373
TRIPLE T,scenario_C,mc,0.1622,0.2098,0.1632,0.1184,0.0769,0.0467,0.5121,0.2669,0.1117,1.993
TRIPLE T,scenario_D,table,0.1387,0.3299,0.2125,0.1313,0.0706,0.0267,0.4163,0.2148,0.1225,2.060
TRIPLE T,scenario_D,mc,0.1387,0.2609,0.2065,0.1468,0.0950,0.0555,0.4390,0.2140,0.1398,2.356
TRIPLE T,scenario_E,table,0.1034,0.4606,0.3485,0.2436,0.1399,0.0562,0.3521,0.1858,0.2290,3.348
TRIPLE T,scenario_E,mc,0.1034,0.3631,0.2867,0.2055,0.1326,0.0734,0.3198,0.1478,0.1960,3.063
CUPSEY,up50,table,,0.1479,0.2969,0.3323
CUPSEY,up50,mc,,0.1368,0.2439,0.2721
CUPSEY,x2,table,,0.0937,0.2018,0.2353
CUPSEY,x2,mc,,0.1037,0.1849,0.2064
CUPSEY,x3,table,,0.0582,0.1301,0.1558
CUPSEY,x3,mc,,0.0706,0.1241,0.1389
CUPSEY,x5,table,,0.0305,0.0706,0.0855
CUPSEY,x5,mc,,0.0449,0.0748,0.0818
CUPSEY,x10,table,,0.0114,0.0271,0.0331
CUPSEY,x10,mc,,0.0264,0.0430,0.0467
CUPSEY,dn50,table,,0.6316,0.4529,0.4319
CUPSEY,dn50,mc,,0.6286,0.4117,0.3638
CUPSEY,dead,table,,0.3797,0.2499,0.2393
CUPSEY,dead,mc,,0.3508,0.1767,0.1516
CUPSEY,ath,table,,0.0530,0.1191,0.1428
CUPSEY,ath,mc,,0.0661,0.1155,0.1292
CUPSEY,ev,table,,1.090,2.004,2.290
CUPSEY,ev,mc,,1.297,2.026,2.199
CUPSEY,scenario_A,table,0.3215,0.0832,0.0515,0.0316,0.0162,0.0060,0.7598,0.4975,0.0287,0.702
CUPSEY,scenario_A,mc,0.3215,0.0800,0.0618,0.0427,0.0289,0.0177,0.7642,0.4899,0.0401,0.894
CUPSEY,scenario_B,table,0.2743,0.1033,0.0613,0.0371,0.0189,0.0068,0.6684,0.3935,0.0336,0.838
CUPSEY,scenario_B,mc,0.2743,0.1145,0.0857,0.0592,0.0393,0.0227,0.6676,0.3667,0.0555,1.144
CUPSEY,scenario_C,table,0.1622,0.1443,0.0852,0.0500,0.0247,0.0087,0.5726,0.3121,0.0451,1.042
CUPSEY,scenario_C,mc,0.1622,0.1469,0.1116,0.0760,0.0482,0.0289,0.5856,0.2877,0.0718,1.419
CUPSEY,scenario_D,table,0.1387,0.2383,0.1464,0.0876,0.0461,0.0171,0.4877,0.2675,0.0798,1.532
CUPSEY,scenario_D,mc,0.1387,0.1929,0.1454,0.0968,0.0596,0.0351,0.4932,0.2224,0.0905,1.683
CUPSEY,scenario_E,table,0.1034,0.3517,0.2537,0.1699,0.0937,0.0364,0.4203,0.2334,0.1558,2.447
CUPSEY,scenario_E,mc,0.1034,0.2821,0.2142,0.1442,0.0847,0.0476,0.3520,0.1461,0.1337,2.253
WOJAK (ETH),up50,table,,0.1930,0.4077,0.4566
WOJAK (ETH),up50,mc,,0.1768,0.3206,0.3550
WOJAK (ETH),x2,table,,0.1246,0.2886,0.3384
WOJAK (ETH),x2,mc,,0.1387,0.2542,0.2819
WOJAK (ETH),x3,table,,0.0785,0.1921,0.2325
WOJAK (ETH),x3,mc,,0.0985,0.1804,0.2009
WOJAK (ETH),x5,table,,0.0417,0.1074,0.1320
WOJAK (ETH),x5,mc,,0.0649,0.1167,0.1302
WOJAK (ETH),x10,table,,0.0157,0.0421,0.0525
WOJAK (ETH),x10,mc,,0.0389,0.0652,0.0712
WOJAK (ETH),dn50,table,,0.5960,0.3794,0.3538
WOJAK (ETH),dn50,mc,,0.5896,0.3669,0.3275
WOJAK (ETH),dead,table,,0.3435,0.1973,0.1851
WOJAK (ETH),dead,mc,,0.3424,0.1698,0.1484
WOJAK (ETH),ath,table,,0.0803,0.1961,0.2370
WOJAK (ETH),ath,mc,,0.1004,0.1838,0.2051
WOJAK (ETH),ev,table,,1.339,2.752,3.212
WOJAK (ETH),ev,mc,,1.686,2.741,2.962
WOJAK (ETH),scenario_A,table,0.3015,0.0975,0.0600,0.0368,0.0187,0.0069,0.7573,0.4823,0.0377,0.760
WOJAK (ETH),scenario_A,mc,0.3015,0.1016,0.0800,0.0575,0.0394,0.0247,0.7361,0.4864,0.0587,1.110
WOJAK (ETH),scenario_B,table,0.2911,0.1294,0.0761,0.0458,0.0232,0.0082,0.6414,0.3603,0.0470,0.951
WOJAK (ETH),scenario_B,mc,0.2911,0.1447,0.1125,0.0794,0.0528,0.0329,0.6278,0.3592,0.0808,1.457
WOJAK (ETH),scenario_C,table,0.1714,0.1927,0.1144,0.0671,0.0329,0.0115,0.5229,0.2671,0.0689,1.245
WOJAK (ETH),scenario_C,mc,0.1714,0.1920,0.1492,0.1056,0.0687,0.0428,0.5393,0.2763,0.1077,1.822
WOJAK (ETH),scenario_D,table,0.1375,0.3299,0.2094,0.1278,0.0683,0.0257,0.4202,0.2167,0.1310,2.020
WOJAK (ETH),scenario_D,mc,0.1375,0.2576,0.2038,0.1440,0.0940,0.0534,0.4401,0.2128,0.1466,2.322
WOJAK (ETH),scenario_E,table,0.0985,0.4823,0.3646,0.2538,0.1449,0.0579,0.3403,0.1786,0.2585,3.455
WOJAK (ETH),scenario_E,mc,0.0985,0.3665,0.2899,0.2065,0.1332,0.0737,0.3181,0.1417,0.2109,3.034
CHILLGUY,sensitivity_Ottimistico,table,0.2435,0.1342,0.0842,0.0515,0.0265,0.0098,0.6225,0.3791,0.0009,1.021
CHILLGUY,sensitivity_Base,table,0.2002,0.1189,0.0733,0.0444,0.0227,0.0083,0.6432,0.3946,0.0007,0.930
CHILLGUY,sensitivity_Pessimistico,table,0.1481,0.0994,0.0600,0.0359,0.0182,0.0066,0.6763,0.4224,0.0006,0.814
CHILLHOUSE,sensitivity_Ottimistico,table,0.2435,0.1130,0.0708,0.0435,0.0226,0.0084,0.7140,0.4770,0.0032,0.860
CHILLHOUSE,sensitivity_Base,table,0.2002,0.1046,0.0647,0.0395,0.0204,0.0075,0.7254,0.4872,0.0029,0.809
CHILLHOUSE,sensitivity_Pessimistico,table,0.1481,0.0936,0.0573,0.0347,0.0178,0.0066,0.7435,0.5054,0.0025,0.743
TROLL,sensitivity_Ottimistico,table,0.2435,0.2825,0.1950,0.1301,0.0732,0.0290,0.5239,0.2833,0.0623,1.989
TROLL,sensitivity_Base,table,0.2002,0.2587,0.1745,0.1145,0.0634,0.0248,0.5447,0.2960,0.0539,1.792
TROLL,sensitivity_Pessimistico,table,0.1481,0.2261,0.1483,0.0953,0.0516,0.0198,0.5796,0.3198,0.0437,1.545
TRIPLE T,sensitivity_Ottimistico,table,0.2435,0.2234,0.1482,0.0951,0.0514,0.0196,0.5534,0.3084,0.0888,1.556
TRIPLE T,sensitivity_Base,table,0.2002,0.2097,0.1371,0.0872,0.0467,0.0177,0.5665,0.3168,0.0813,1.458
TRIPLE T,sensitivity_Pessimistico,table,0.1481,0.1914,0.1232,0.0775,0.0411,0.0155,0.5882,0.3323,0.0722,1.336
CUPSEY,sensitivity_Ottimistico,table,0.2435,0.1589,0.1020,0.0638,0.0336,0.0126,0.6187,0.3704,0.0581,1.160
CUPSEY,sensitivity_Base,table,0.2002,0.1479,0.0937,0.0582,0.0305,0.0114,0.6316,0.3797,0.0530,1.090
CUPSEY,sensitivity_Pessimistico,table,0.1481,0.1335,0.0834,0.0514,0.0267,0.0099,0.6524,0.3967,0.0467,1.001
WOJAK (ETH),sensitivity_Ottimistico,table,0.2390,0.2091,0.1374,0.0876,0.0470,0.0178,0.5805,0.3333,0.0896,1.451
WOJAK (ETH),sensitivity_Base,table,0.1930,0.1930,0.1246,0.0785,0.0417,0.0157,0.5960,0.3435,0.0803,1.339
WOJAK (ETH),sensitivity_Pessimistico,table,0.1393,0.1717,0.1086,0.0675,0.0354,0.0132,0.6220,0.3632,0.0692,1.199
